Trade Date,Open (Rs.),High (Rs.),Low (Rs.),Close (Rs.),TradeVolume,ShareVolume,Turnover (Rs.)
10/21/25,93.6,93.6,91,91.3,176,246247,22528190.2
10/17/25,92,93.1,88.5,92.8,249,642001,59146295.3
10/16/25,89,92.8,89,89.1,497,544898,49594940.3
10/15/25,84,90.9,84,89.1,373,623936,55258482.3
10/14/25,80.5,83.9,80.2,83.1,152,402499,33114800.3
10/13/25,79.8,80.9,79.8,80.2,159,588881,47341050.2
10/10/25,81,81.5,80,80.3,183,116021,9319175.8
10/9/25,82,82,80.4,80.9,185,135938,11025023.2
10/8/25,82.5,82.5,81.5,81.6,120,88617,7258787.7
10/7/25,83,83.6,82,82.3,187,185069,15337176.7
10/3/25,83,83,82,82.8,159,117210,9687162.1
10/2/25,83.8,83.8,82.5,82.9,147,91803,7632607.5
10/1/25,83.8,84.4,82.7,83.7,192,123903,10328293.9
9/30/25,84.5,85,82,83.8,254,586038,49076704.7
9/29/25,83.6,84.4,83,84.2,147,204359,17050708
9/26/25,83,84.8,82.5,83.6,154,312609,26044748.3
9/25/25,83.3,83.5,82,82.7,192,183082,15148201.7
9/24/25,80.3,84,80.1,83.3,142,78362,6529971.8
9/23/25,85,85,80,83.6,182,289530,24377549.4
9/22/25,86,86.9,84,84.6,295,631949,53355480.1
9/19/25,82.5,86,79.5,83,423,1276801,104956887.9
9/18/25,79,84,79,82.5,670,1952340,159922076.9
9/17/25,74.9,79.5,74.9,78.7,823,2742995,209543280.6
9/16/25,67.5,74.3,67.5,73.6,743,2696216,192380546.7
9/15/25,66.2,69,66.2,67.1,207,3059095,205108028.2
9/12/25,65,68.5,63,67,235,1634177,107817520.2
9/11/25,65.5,67,65,65.5,135,704449,46318262
9/10/25,65.7,67,65.2,66.1,129,184577,12213214.3
9/9/25,67.3,67.3,66,66,135,783533,52261064.3
9/8/25,67.5,67.9,66,67,189,515107,34451678.7
9/4/25,68,68.2,67.5,67.9,138,135197,9184676.1
9/3/25,69,69,68,68,110,409906,27921775.1
9/2/25,68.5,69.9,68.1,69.1,190,603190,41502425.2
9/1/25,68.5,68.8,67.5,68.5,177,1654124,112588337
8/29/25,67.1,68.5,66.5,67.4,190,370342,24931526.6
8/28/25,66.9,67.8,66.6,67.1,124,123440,8278219.6
8/27/25,68,68,60,66.6,224,548715,36291247.3
8/26/25,66,68.6,65.8,66.8,357,2923580,193658533.6
8/25/25,67.3,67.4,66,66.2,204,390235,25911107.4
8/25/25,67.3,67.4,66,66.2,204,390235,25911107.4
8/22/25,69,69,67.4,67.6,122,139072,9446000.2
8/21/25,69,69.8,68,68.2,134,124930,8578332.5
8/20/25,68.9,68.9,67.1,67.9,295,384391,25993941.1
8/19/25,69.4,71,68.5,68.9,305,1022561,70926364.7
8/18/25,71.9,71.9,69,69.4,420,451280,31653156.6
8/15/25,66.5,72.5,66,71.9,642,4071082,282387030.3
8/14/25,68,68.5,65,66.1,325,1312602,87374444
8/13/25,66.8,68,64.3,67.4,499,3243972,214160769.1
8/12/25,65.1,66.5,64.1,65.9,322,239168,15668829.1
8/11/25,66.5,66.5,64.7,65.1,356,248588,16234305.8
8/7/25,67.9,68,66,66.4,483,499675,33307547.3
8/6/25,65,68,64.7,67.7,907,1910521,127599822.1
8/5/25,64.3,65.2,63.5,64.4,839,1895663,122045375.6
8/4/25,62,65,62,62.8,596,1110303,70278352.6
8/1/25,61.5,62,60.5,62,142,324263,19933549.5
7/31/25,60.5,62,60.1,61.4,123,547792,33757423.3
7/30/25,62,62.4,60.1,61.2,85,132087,8150788.4
7/29/25,61,62,59.9,61.7,150,186963,11471429.9
7/28/25,61.4,62.5,61,61.2,147,266604,16486129.2
7/25/25,61.9,61.9,60.8,61.1,175,265055,16242697.5
7/24/25,61.9,63,61.5,61.6,287,530061,32907907.2
7/23/25,59.9,62.4,59.1,61.4,484,2189864,132460801.6
7/22/25,60,60,57.5,59.8,224,1085649,64306842.5
7/21/25,55,60.3,55,59.3,747,3363183,197043117.6
7/18/25,51.5,57,50.5,55,322,748869,40201502.9
7/17/25,50.3,51.5,49.4,51.2,166,623799,31452435.7
7/16/25,50.8,51,50.1,50.4,123,460737,23256860.4
7/15/25,52.3,52.5,50.6,50.8,207,394966,20221681.9
7/14/25,49.5,52.5,49.5,52,270,1425612,73136315.2
7/11/25,48,50,48,49.5,203,786860,38662493.8
7/9/25,45.9,48.5,45.6,48,141,917865,43123209.5
7/8/25,45.7,45.9,45,45.8,84,744168,33772791.1
7/7/25,45.8,46.3,45.8,45.9,64,134189,6163047.9
7/4/25,46.1,46.3,45,45.8,76,117485,5371640.4
7/3/25,46.9,46.9,46,46,61,145879,6728906.4
7/2/25,46.1,47.4,45.8,46.4,102,840140,38819619
7/1/25,46.2,47,45,46.1,149,300406,13962699.8
6/30/25,46.8,47.5,46.4,46.7,166,371052,17426722.2
6/27/25,43.7,47.8,43.7,47,349,2587305,118631277.5
6/26/25,44.4,44.4,43.9,44.1,139,1336708,58842392
6/25/25,42.8,44.1,42.3,43.9,200,1141891,49724013.2
6/24/25,40,43.5,40,41.8,200,941032,39470290.1
6/23/25,39.8,40,39.2,39.4,99,214522,8527758.8
6/20/25,39.2,41,39.2,40.9,133,610567,24439121.9
6/19/25,39.7,40.9,39,39.2,162,589064,23100372
6/18/25,41,42,40,40.2,120,1100556,44470314.2
6/17/25,42,42.6,41.1,41.4,105,205148,8563632.2
6/16/25,41,42.6,40,42.1,167,344102,14104401
6/13/25,41,42,38,41.4,159,496658,20443335.8
6/12/25,43.4,43.4,41.8,42.3,100,835970,35125799.8
6/11/25,43.5,43.7,42,42.4,157,258813,11057476.5
6/9/25,42.9,43.7,42,43.4,66,264660,11266349
6/6/25,43,43.9,42,42.4,196,352900,15211818.8
6/5/25,42,43.9,41.2,43.3,429,1562549,67000726
6/4/25,41.5,42.5,41,41.5,332,1448319,60703389.4
6/3/25,37.8,41.6,37.8,41.1,714,3787300,151898120.3
6/2/25,37.5,37.8,36.9,37.1,116,366562,13685146.9
5/30/25,37.8,37.8,37,37.5,82,175442,6546414.2
5/29/25,37.9,38.8,37.1,37.5,95,561280,21225985.3
5/28/25,38.3,38.5,37.5,37.7,128,806661,30814371.9
5/27/25,37.4,39,37.4,38.2,153,454538,17320850.1
5/26/25,36.8,37.7,36.4,37.2,92,104029,3858740
5/23/25,37.9,37.9,36,36.2,287,864700,31661037.5
5/22/25,37.9,38.7,37.5,37.8,137,1510075,57332885.5
5/21/25,37.3,38,37.1,37.8,70,442741,16802147.2
5/20/25,38,38,37.3,38,55,153986,5797313.9
5/19/25,38.1,38.3,37.5,38,110,206962,7857957.8
5/16/25,39.5,39.5,37.9,38.1,187,548389,20999569.4
5/15/25,39.2,40.2,39.2,39.5,157,569742,22596568.7
5/14/25,37.7,39.5,37.7,38.9,152,635664,24324589.5
5/9/25,37.5,37.8,37,37,87,106303,3949207.5
5/8/25,38,38,37.2,37.6,43,72468,2723537.3
5/7/25,38,38,37,37.8,86,250932,9478913.1
5/6/25,38,38,37.5,37.6,91,248358,9350902.5
5/5/25,38.5,38.5,37.6,38.1,157,260622,9944342.5
5/2/25,38,39.4,38,38.8,261,1490070,57099005
4/30/25,37.1,38.5,36.7,38.3,266,1580576,59077329.2
4/29/25,35.9,37.5,35.9,37,260,1190605,43577445.6
4/28/25,35.5,36,35,35.9,150,856189,30481750.4
4/25/25,35.6,35.7,35.1,35.4,88,486114,17198958.8
4/24/25,34.9,35.5,34.6,35.2,92,736642,25855491.6
4/23/25,35,35.1,34.6,34.6,39,89485,3127527.1
4/22/25,35,35,34.7,34.8,38,44005,1535302.7
4/21/25,35.7,35.7,35,35.1,64,47008,1650383.6
4/17/25,35.8,35.8,35.1,35.3,101,128375,4546870
4/16/25,34.4,35.9,34.1,35.8,236,1152922,40495039.1
4/11/25,34,34.5,33.9,34.1,61,241783,8233911.7
4/10/25,31.9,34.5,31.9,34.1,145,2921387,100596474.1
4/9/25,31.7,31.7,30.7,30.7,38,269954,8334717
4/8/25,31,31.8,30.2,31.4,117,633575,19754737
4/7/25,32.2,32.2,29.5,30.4,214,1179855,35594892.6
4/4/25,34,34,32,32.6,141,364296,11833889.3
4/3/25,34,34,32.6,33.5,109,495380,16674683.6
4/2/25,34.2,34.4,33.5,33.7,54,257928,8757225.2
4/1/25,33.5,34,33.2,34,101,368775,12459467.9
3/28/25,34,34,33,33.2,39,74408,2473865.6
3/27/25,33.9,34.1,33.5,33.7,69,109046,3691963.2
3/26/25,34,35,33.5,33.8,329,945201,32609804.6
3/25/25,31.9,34,31.9,33.3,156,609292,20031638.4
3/24/25,30.5,32.4,30.5,31.6,129,545335,17314515.1
3/21/25,30,30.6,30,30.5,23,47246,1423855.1
3/20/25,28.9,29.5,28.9,29.5,10,66531,1955248
3/19/25,29,29.3,28.2,28.9,41,171595,4933269
3/18/25,29.8,29.8,28.7,29,54,388195,11277691.8
3/17/25,29.7,29.9,29.6,29.8,33,148297,4417799.1
3/14/25,30.5,30.5,30,30,23,152048,4598467
3/12/25,29.5,30.8,29.5,30.5,42,121046,3688710.5
3/11/25,30.5,31,29.6,29.7,85,693379,21103670.3
3/10/25,30.9,31.2,30.5,31,62,269172,8337513.8
3/7/25,30.1,31.2,30.1,31,60,168756,5195892.2
3/6/25,30.9,30.9,30.2,30.5,43,166129,5044164.2
3/5/25,29.9,30.9,29.9,30.2,36,156879,4739137.2
3/4/25,30,30.2,29.3,29.9,68,350415,10408704.5
3/3/25,31.7,31.7,30.1,30.2,47,186297,5661386.8
2/28/25,31.5,31.5,31,31,28,35574,1106372.9
2/27/25,30.5,31.5,30.5,31.4,89,542580,16846954.1
2/25/25,30.5,31,30,30.5,114,1225018,37388792.4
2/24/25,31,31.9,30.5,30.7,53,268055,8244177.1
2/21/25,31.1,31.9,31,31,78,168432,5242539.6
2/20/25,32,32,30.4,31.1,47,252723,7844612.4
2/19/25,31,32,30.3,31.9,54,279377,8742204.9
2/18/25,31.6,31.8,30,30.4,77,369895,11344281.3
2/17/25,31.8,31.8,31,31.5,51,152519,4793703.8
2/14/25,31.4,32.3,31.4,32,74,207429,6643797.7
2/13/25,30.8,32,30,31.9,62,375463,11829162.8
2/11/25,31.1,31.1,30,30.8,59,120148,3652144
2/10/25,32.4,32.4,30,31,127,766607,23654988.2
2/7/25,31.6,32.6,31.5,32.4,122,700407,22458862.2
2/6/25,30.1,31.8,30.1,31.2,134,682065,20928176.8
2/5/25,32.6,32.6,29.5,30.1,270,1079215,33418355.3
2/3/25,33,33,31.5,31.8,217,526035,16881238.1
1/31/25,34,34,32.8,33,119,322763,10796254.6
1/30/25,34.6,34.9,33.8,34,192,767940,26275819.7
1/29/25,33.4,34.7,33.4,34.5,363,1938759,66021489
1/28/25,30.2,33.5,30.2,33.2,758,5980119,190707637.8
1/27/25,29.8,30.2,29.4,30,118,887533,26615727.8
1/24/25,29.9,30.2,28.7,29.1,86,195958,5796643.6
1/23/25,30.9,31,29,29.6,161,263493,7854821.7
1/22/25,30.7,31.5,30.1,30.6,154,411884,12729712.8
1/21/25,29.5,30.9,29.5,30.1,187,1099661,33383704.6
1/20/25,30.1,30.4,29.1,29.5,164,773657,23042499.8
1/17/25,28,30,27.5,29.8,196,848906,25118829.6
1/16/25,27.2,28.2,27.2,28.1,96,192054,5387843
1/15/25,26.6,27.6,26.6,27.3,58,107670,2939213.7
1/10/25,27.1,27.1,26.7,27,60,353477,9539359.9
1/9/25,27.9,28,26.8,27,142,905813,24553692.4
1/8/25,28.6,28.6,27.8,28.1,104,217865,6130979.5
1/7/25,27,29.1,26.7,28.2,259,1112411,30739536.8
1/6/25,27.1,27.7,26.5,27.1,125,561533,15173429.1
1/3/25,27,28.7,26,27.2,286,1475432,40797683.9
1/2/25,26,27,25,26.2,203,690974,18082991.6
12/31/24,26.5,26.5,25.8,26,141,408978,10639533.6
12/30/24,26.5,26.5,25.9,26.5,149,734029,19264667.1
12/27/24,26.5,26.8,26,26.5,129,798675,21099554.6
12/26/24,26.2,26.8,26.2,26.8,116,398369,10616246.3
12/24/24,26.1,26.2,25.2,26,107,490470,12703482.1
12/23/24,25.9,26.2,25.2,26,237,1224198,31831444.2
12/20/24,24.4,26,24.2,25.5,223,1402941,35117039.3
12/19/24,24.4,24.5,24.2,24.2,53,324092,7891035.4
12/18/24,24.1,24.6,23.8,24.4,117,533304,12844569.5
12/17/24,24.9,24.9,23.8,24.1,98,212384,5133673
12/16/24,24.9,25.2,24.2,24.8,79,264117,6524501.9
12/13/24,24.5,25.2,24.3,25,245,1608801,40059326.8
12/12/24,24.2,24.7,24,24.1,157,923862,22518857.8
12/11/24,23.8,24.5,23.8,24.1,118,819864,19774657.2
12/10/24,24.3,24.3,23.7,23.8,64,392420,9405769.6
12/9/24,24.3,24.5,24,24,93,583244,14070613.4
12/6/24,24,24.3,23.8,24.1,67,417683,10030233.3
12/5/24,24,24.5,23.8,24,108,344342,8325263.5
12/4/24,24.3,24.4,24,24.2,109,323901,7829927.6
12/3/24,23.8,24.4,23.7,24.3,155,583465,13995268.6
12/2/24,23.4,23.8,23.4,23.8,121,619026,14639788
11/29/24,22.9,23.5,22.9,23.1,100,852290,19590337.9
11/28/24,23,23.4,22.8,22.9,98,475282,10937932.2
11/27/24,22.6,23,22.6,23,42,163862,3761209.8
11/26/24,22.7,23.2,22.7,23,68,78426,1802207.2
11/25/24,23.6,23.8,22.7,22.8,102,458461,10580847.4
11/22/24,23.2,24,23,23.6,312,2773818,65352864.6
11/21/24,23.2,23.3,22.5,23,161,1041115,23754677.1
11/20/24,22.9,23.5,22.5,23.1,178,1379863,31676380.1
11/19/24,22.5,22.9,22,22.8,209,1038838,23361820.4
11/18/24,22.5,22.7,21.9,22.5,373,3987075,89265367.8
11/14/24,21.7,21.9,21,21.6,83,1763858,37828361
11/13/24,21.1,22.2,21.1,21.7,444,3644506,79624734.7
11/12/24,21,21.2,20.7,20.8,118,417810,8747878.9
11/11/24,21.5,21.5,20.8,21,139,853431,17933027.1
11/8/24,20.9,21.7,20.8,21.5,354,3278789,69371285.8
11/7/24,20.5,21,20.2,20.7,391,1587578,32709083.3
11/6/24,19.2,20.5,19.2,20.4,387,4557056,90084271.6
11/5/24,19.6,19.7,19,19.3,72,448565,8574712.6
11/4/24,19,19.7,18.8,19.3,116,465191,8954917.9
11/1/24,19.2,19.5,19,19,79,421443,8161717
10/30/24,19.2,19.6,19,19.1,116,1249905,24085536.8
10/29/24,19,19.5,19,19.2,81,351871,6789189.4
10/28/24,18.8,19.2,18.8,19,56,106701,2033485
10/25/24,19.1,19.2,18.8,19,125,577848,10971409.4
10/24/24,18.5,19.2,18.5,19,247,2456838,46544365.7
10/23/24,18.5,18.6,18,18.5,94,456680,8369098.6
10/22/24,18.1,18.8,18.1,18.2,57,316699,5792711.2
10/21/24,18.7,18.8,18.2,18.7,84,698663,12959889.4
10/18/24,18.4,18.9,18.4,18.7,204,1040199,19338547.4
10/16/24,18.1,18.4,18,18.3,115,367948,6691826.6
10/15/24,18.2,18.2,17.8,18,80,236044,4245152.9
10/14/24,17.6,18.2,17.6,18.2,126,745050,13406199.2
10/11/24,17,17.7,16.9,17.5,76,866613,14881799.4
10/10/24,17,17,16.8,17,39,107033,1804754.1
10/9/24,17.1,17.1,16.8,16.9,41,381367,6462152.7
10/8/24,17.4,17.4,16.9,17.1,38,243543,4176794.8
10/7/24,17.1,17.4,16.9,16.9,30,266845,4526012.9
10/4/24,17.5,17.5,16.8,17,22,21010,358201.8
10/3/24,17,17.5,16.9,17.2,36,193996,3337516
10/2/24,17.5,17.5,17,17.2,49,93340,1614123.2
10/1/24,17.4,17.6,16.9,17.4,107,803320,13781966.9
9/30/24,17.5,17.8,17,17.2,102,222404,3856242.8
9/27/24,16.9,17.7,16.2,17.4,179,2802045,47312442.9
9/26/24,17.3,17.3,16.5,16.7,63,433924,7321262.5
9/25/24,16.3,17.2,16.1,17,173,1100194,18490096
9/24/24,15.6,16.2,15.5,16,57,263862,4220102
9/23/24,15.5,15.5,15.3,15.5,18,92984,1439156.7
9/20/24,15.1,15.1,14.9,15,70,387204,5813350
9/19/24,15.4,15.7,15,15.1,125,1059977,16204539.7
9/18/24,15.5,15.5,15.1,15.1,26,412300,6227730.6
9/13/24,15.5,15.5,15.5,15.5,16,42500,658750
9/12/24,15.3,15.5,15.2,15.5,12,3751,57710.5
9/11/24,15.4,15.5,15.3,15.6,4,52,803.8
9/10/24,15.3,15.6,15.2,15.6,16,14700,228941.4
9/9/24,15.6,15.6,15.3,15.4,3,556,8558.6
9/6/24,15.5,15.5,15.5,15.5,4,5450,84475
9/5/24,15.8,16,15.3,15.5,39,133318,2099482.5
9/4/24,15.7,15.9,15.5,15.7,16,12676,199078.3
9/3/24,14.9,15,14.7,15,21,28037,416056.1
9/2/24,15,15,14.9,14.9,23,73838,1102849.9
8/30/24,15.2,15.2,15,15,37,238578,3587289.3
8/29/24,15.1,15.3,15,15.2,16,25236,382702.3
8/28/24,15.1,15.3,15,15,62,136859,2063498.8
8/27/24,15.2,15.4,15.1,15.1,70,82647,1253533.6
8/26/24,15.8,15.9,15.1,15.2,91,112050,1711387.8
8/23/24,16,16.1,15.8,16,21,47501,759116
8/22/24,16.1,16.3,16,16.3,16,45579,734957.3
8/21/24,16.1,16.1,16,16,9,48351,774116
8/20/24,16,16,16,16,14,134687,2154992
8/16/24,16.2,16.4,16.2,16.3,17,75666,1226889.2
8/15/24,16.3,16.5,16.2,16.5,62,294019,4821711.8
8/14/24,16.1,16.2,16,16.2,25,65278,1052826
8/13/24,16.1,16.3,16,16.1,51,911510,14598100.2
8/12/24,15.5,16.2,15,16,152,801820,12559823.8
8/9/24,14.8,15.5,14.6,15.1,64,211991,3178998.3
8/8/24,14.5,14.9,14.5,14.7,18,46800,685374.6
8/7/24,14.9,14.9,14.5,14.5,14,5128,74791.3
8/6/24,14.9,14.9,14.5,14.7,37,126728,1844111.2
8/5/24,15.5,15.5,14.8,14.8,32,23750,352941.8
8/2/24,15,15.3,15,15.1,7,32049,481000
8/1/24,15,15,14.9,14.9,32,162720,2439800
7/31/24,15,15.1,14.9,15,31,194045,2920468.5
7/30/24,15.2,15.2,15,15,28,118093,1772608.3
7/29/24,15.5,15.5,15.1,15.2,26,156414,2371914.4
7/26/24,15.2,15.2,15.2,15.2,5,26806,407451.2
7/25/24,15.2,15.2,15.1,15.2,7,29608,449580.8
7/24/24,15.5,15.6,15.3,15.5,27,200950,3092010.8
7/23/24,15,15.5,15,15.3,12,24900,375182.4
7/22/24,15.5,15.6,14.9,14.9,42,68109,1026798
7/19/24,15.1,15.3,14.9,15,39,196330,2947965.9
7/18/24,15.3,15.7,15.1,15.1,29,42632,643835.5
7/17/24,15.4,15.4,15.2,15.2,26,172292,2621475.2
7/16/24,15.9,15.9,15.5,15.6,22,38035,602827.6
7/15/24,15.9,16,15.2,15.8,27,113940,1782677.1
7/12/24,15.2,15.5,15.1,15.3,23,32249,492254.4
7/11/24,15.4,15.5,15.2,15.3,42,55961,860553.7
7/10/24,15.2,15.4,15.1,15.3,22,23539,355996.3
7/9/24,15.5,15.5,15.3,15.4,26,121451,1881964.4
7/8/24,15.7,15.7,15.2,15.3,57,38981,598584.7
7/5/24,15.7,15.7,15.3,15.5,39,76773,1188053.7
7/4/24,15.8,16,15.3,15.9,31,69283,1084167.5
7/3/24,16,16.4,15.9,15.9,25,21322,340571.8
7/2/24,16,16.5,15.9,16,27,33138,529389
7/1/24,16,16.6,15.9,16,53,91406,1473978.6
6/28/24,16,16.3,15.9,16,38,365468,5911856.5
6/27/24,16.2,16.4,15.9,15.9,40,57209,917293.2
6/26/24,16.1,16.3,16.1,16.2,17,12589,204510.3
6/25/24,16.2,16.3,16.2,16.2,33,75370,1221794.6
6/24/24,16.6,16.6,16.2,16.3,27,64439,1054779.7
6/20/24,16.4,16.6,16.2,16.2,16,41902,680334.5
6/19/24,16.5,16.6,16.1,16.1,16,20988,338848.1
6/18/24,16.8,16.9,16.1,16.2,60,174978,2879922.3
6/14/24,17,17,16.8,16.8,25,119252,2026701.3
6/13/24,16.9,17,16.8,17,32,198371,3354327
6/12/24,17.1,17.1,16.8,17,32,53700,912660.2
6/11/24,16.8,17.5,16.6,17.2,80,695745,11852252.4
6/11/24,16.8,17.5,16.6,17.2,80,695745,11852252.4
6/10/24,17.2,17.2,16.7,16.7,44,269766,4524118.1
6/7/24,17.4,17.4,17,17,25,453590,7711239.5
6/6/24,17.3,17.4,16.8,17.2,52,222883,3822249.7
6/5/24,16.7,17.2,16.7,16.9,89,301856,5100026
6/4/24,16.2,17,16.2,16.6,42,369618,6098191.9
6/3/24,16.1,16.4,15.9,16.3,25,11680,186811
5/31/24,16.3,16.6,16.1,16.2,32,46674,759545.4
5/30/24,16.4,16.5,16.3,16.4,50,89253,1469338
5/29/24,16.6,16.7,16.4,16.6,28,41812,689932.7
5/28/24,16.9,16.9,16.4,16.7,34,108233,1792878.2
5/27/24,16.8,17.2,16.8,17,22,24082,408108
5/22/24,17.1,17.2,16.9,17,93,722404,12289549.5
5/21/24,16.4,17.2,16.1,17.1,38,63617,1086087.1
5/20/24,17.4,17.5,16,17,50,62570,1052672.9
5/17/24,16.9,17.5,16.5,17.2,48,100304,1690536.8
5/16/24,17,17.3,16.6,16.6,57,99826,1668252.2
5/15/24,17.6,17.6,16.9,17,99,200083,3441962.6
5/14/24,17.8,17.8,17.3,17.3,51,69755,1217402.6
5/13/24,17.7,18,17.6,17.6,40,74396,1315257
5/10/24,18.4,18.4,17.6,17.8,248,1354362,24287013.4
5/9/24,18.9,18.9,18.6,18.8,44,72937,1358264.9
5/8/24,19.4,19.5,18.7,18.9,62,192076,3638171.3
5/7/24,19.9,19.9,19,19.2,85,371089,7105078.2
5/6/24,20,20.3,19.5,19.6,92,189114,3757597.6
5/3/24,19,20.2,19,19.9,309,3210127,63438635.3
5/2/24,19.4,19.5,19.1,19.1,107,538447,10304851.6
4/30/24,19.4,19.5,19,19.3,150,951699,18247246.8
4/29/24,18.8,19.4,18.7,19.3,174,1301194,24858402.6
4/26/24,19,19.3,18.7,18.8,201,502151,9508001.1
4/25/24,18.7,19.7,18.4,19.2,913,8339297,159503557.2
4/24/24,16.8,18.3,16.6,17.5,254,3164788,54911747.1
4/22/24,16.6,16.9,16.6,16.8,24,78239,1305776.5
4/19/24,16.6,16.7,16.6,16.6,42,344543,5721232.3
4/18/24,16.9,16.9,16.5,16.8,57,894120,14849483
4/17/24,17,17,16.4,16.8,86,308798,5139607.3
4/16/24,16.7,17,16.5,17,38,379247,6390902.2
4/15/24,16.7,17.1,16.7,16.7,40,193322,3236434
4/10/24,17.2,17.2,16.9,17,63,908578,15445401
4/9/24,16.8,17.3,16.7,17.2,66,452596,7661635.1
4/8/24,17.5,17.5,16.8,16.8,77,255343,4327665.7
4/5/24,17.4,17.5,16.9,17.4,109,547370,9487113.3
4/4/24,17.8,17.9,17.4,17.5,137,396473,6995082.7
4/3/24,17.2,17.8,16.9,17.6,255,2116453,36942369.8
4/2/24,16.4,17.3,16.4,17.1,400,3155739,53607478.8
4/1/24,16.2,16.4,16.1,16.4,68,494942,8088350.7
3/28/24,16,16.2,16,16.1,108,937967,15069003
3/27/24,16,16.1,15.8,16,64,520184,8319577.4
3/26/24,15.8,16.3,15.5,16,137,1277336,20367282.1
3/25/24,15.9,15.9,15.5,15.8,30,118014,1834601.5
3/22/24,15.4,16.2,15.4,16,101,1090426,17422979.3
3/21/24,15.8,15.8,15.5,15.5,32,85646,1329020.9
3/20/24,15.9,16.1,15.5,15.6,88,432156,6817433.9
3/19/24,16.2,16.2,15.6,15.9,100,620291,9861630
3/18/24,16.3,16.4,15.7,16.2,130,458404,7379826
3/15/24,15.2,16.4,15.1,16.1,354,2948861,46292599.7
3/14/24,15,15.2,14.6,15.1,116,1708115,25650592.2
3/13/24,14.9,15,14.5,14.9,51,205651,3042112.5
3/12/24,15,15,14.6,14.7,31,74680,1106279.1
3/11/24,14.7,15.1,14.5,15,138,681640,10215159.3
3/7/24,13.8,15,13.8,14.7,240,1804529,26319497.8
3/6/24,13.6,13.8,13.4,13.6,39,494668,6645527.9
3/5/24,13.4,13.9,13.4,13.7,75,480871,6592435.7
3/4/24,13.1,13.7,13,13.5,93,1208190,16160665.9
3/1/24,13,13.3,12.8,13.2,30,32919,424468.4
2/29/24,13.5,13.5,13,13.1,25,57779,753642.7
2/28/24,12.8,13.6,12.8,13.5,147,743789,9834635
2/27/24,13,13,12.8,12.9,16,4284,55081.5
2/26/24,12.7,13,12.7,13,128,472638,6068188.7
2/22/24,12.6,12.7,12.4,12.5,17,32131,402252.1
2/21/24,12.7,12.7,12.6,12.7,27,25265,320239.5
2/20/24,12.5,12.7,12.4,12.6,32,889296,11052710.2
2/19/24,12.4,12.6,12.3,12.4,71,770120,9549446
2/16/24,12.6,12.6,12.4,12.5,16,59864,747993.6
2/15/24,12.5,12.6,12.4,12.5,25,78551,982156.7
2/14/24,12.8,12.8,12.5,12.5,15,13641,170539.5
2/13/24,12.7,12.8,12.5,12.8,16,20813,263267.5
2/12/24,12.5,12.8,12.4,12.6,52,140881,1757052.5
2/9/24,12.3,12.5,12.3,12.5,8,41151,512637.4
2/8/24,12.7,12.8,12.5,12.5,35,141485,1775508.4
2/7/24,12.6,12.9,12.5,12.7,67,462812,5848911.3
2/6/24,12.3,12.8,12.2,12.6,172,1196661,15070133.8
2/2/24,12.5,12.5,12.1,12.2,26,174399,2154738.2
2/1/24,12.5,12.6,12.5,12.5,31,557520,6970000
1/31/24,12.2,12.5,12.1,12.2,12,21767,265736.1
1/30/24,12.5,12.5,12.1,12.5,6,18873,231097.5
1/29/24,12.5,12.5,12.2,12.5,9,21740,266208.9
1/26/24,12.3,12.5,12.3,12.5,6,10720,132876
1/23/24,12.2,12.2,12.2,12.2,8,38610,471042
1/22/24,12.4,12.4,12.2,12.2,16,31648,387630.7
1/19/24,12.2,12.4,12.2,12.4,9,28516,348729.2
1/18/24,12.2,12.2,12.1,12.2,3,8,97.5
1/17/24,12.3,12.4,12.2,12.2,19,85505,1048864.2
1/16/24,12.3,12.4,12.2,12.2,9,1618,19751.8
1/12/24,12.2,12.4,12.2,12.2,11,13954,170251.6
1/11/24,12.3,12.5,12.1,12.4,7,12500,152421.8
1/10/24,12.5,12.5,12.3,12.3,26,57590,718099.1
1/9/24,12.4,12.5,12.3,12.5,40,178542,2216852.7
1/8/24,12.1,12.5,12,12.4,182,2878720,34787819.2
1/5/24,12.2,12.4,11.9,12,167,1044537,12555204.4
1/4/24,12.4,12.4,12,12,66,196548,2359017.3
1/3/24,12.5,12.5,12,12,9,56218,674651
1/2/24,12.5,12.5,11.9,12,95,710357,8524286.5
12/29/23,12.1,12.1,12,12,7,7597,91314
12/28/23,13,13,12,12.1,16,5314,63929.1
12/27/23,11.8,12,11.8,12,16,34983,419769.5
12/22/23,12,12,11.4,11.4,36,83364,965173
12/21/23,12.1,12.1,11.9,12,21,57111,685292
12/20/23,12,12.2,12,12,28,89780,1090243
12/19/23,12.3,12.5,12.1,12.1,43,73119,897538.3
12/18/23,12.5,12.8,12.3,12.4,10,1728,21464.4
12/15/23,12.5,12.5,12.5,12.5,4,252,3150
12/14/23,12.7,12.7,12.5,12.7,5,6148,78073.2
12/13/23,12.5,12.5,12.3,12.5,13,63389,780064.3
12/12/23,13.2,13.2,12.5,12.8,13,6492,81275.7
12/11/23,13,13,12.5,12.6,9,2061,26150.5
12/8/23,13.3,13.3,12.5,12.8,5,1176,15123.4
12/7/23,12.4,13.3,12.3,13.3,6,320,4156.9
12/6/23,13.1,13.1,12.3,12.3,13,1415,17579.5
12/5/23,13.1,13.1,12,12.5,39,118415,1466408.1
12/4/23,13.6,13.6,13,13.1,15,16786,219147.8
12/1/23,14,14,13.1,14,5,6333,88635
11/30/23,13.6,14,12.9,12.9,18,87455,1129026
11/29/23,13.4,13.5,13.1,13.4,6,1133,15076.4
11/28/23,13.1,13.1,12.9,13,12,3154,40962.6
11/24/23,13.3,13.3,13.2,13.2,16,23661,312434
11/23/23,13.6,13.6,13.4,13.4,9,17175,233290
11/22/23,13.8,13.8,13.4,13.7,20,64993,892694.2
11/21/23,14.2,14.2,14.1,14.2,7,20030,284423
11/20/23,14.2,14.2,13.8,13.8,6,1540,21303.4
11/17/23,14.4,14.5,14,14,8,5188,74724.4
11/16/23,15.3,15.3,14,14,35,39409,562420.6
11/15/23,15.5,15.5,14.6,14.6,4,61,936.4
11/14/23,15.4,15.4,14.6,14.6,10,3782,55453.5
11/13/23,15.4,15.5,14.6,15.3,15,18833,289500.2
11/10/23,14.6,14.7,14.4,14.5,13,3332,48356.9
11/9/23,14.9,16.7,14.5,14.7,65,189965,2854775.1
11/7/23,15.2,15.2,14.3,14.5,17,16001,230729.8
11/6/23,16,16,14.5,14.5,7,1002,14684
11/3/23,14.7,14.7,14.5,14.5,8,51445,746924.5
11/2/23,15,15,14.7,14.7,7,2501,36765
11/1/23,14.6,14.6,14.6,14.6,3,350,5110
10/30/23,14.5,14.9,14.5,14.6,3,145,2119
10/27/23,14.7,15,14.5,14.6,23,30316,447052.5
10/26/23,14.9,15.1,14.9,15,12,13455,200738.1
10/25/23,15.5,15.5,15,15,17,280283,4204295.5
10/24/23,15.5,15.5,15.1,15.1,16,91220,1379581.6
10/23/23,15.2,15.5,15.2,15.4,16,2418,37033
10/20/23,15.8,15.8,15.8,15.7,1,9,142.2
10/19/23,15.7,15.7,15.2,15.7,4,63,964.1
10/18/23,15.9,16,15.2,15.7,13,3989,62598.1
10/17/23,16.1,16.1,15.9,15.9,6,2016,32304.4
10/16/23,16.4,16.4,15.9,15.9,6,778,12437.3
10/13/23,16.4,16.4,16.4,15.8,1,1,16.4
10/12/23,16.5,16.5,15.7,15.8,8,22023,345837.6
10/11/23,16,16,15.6,15.6,18,39550,617151.2
10/10/23,16.2,16.3,16.2,16.2,8,9039,146432.2
10/9/23,16.1,16.1,15.5,15.6,13,44546,707747.5
10/6/23,16.7,16.7,16.1,16.1,29,24808,401503.5
10/5/23,16.5,16.6,16.4,16.4,25,195112,3204206.4
10/4/23,16.6,16.6,16.1,16.1,7,9152,147417.4
10/3/23,16.2,16.6,16.1,16.1,71,66223,1068712.5
10/2/23,16.6,16.6,16.2,16.2,12,41949,689575.5
9/27/23,16.9,16.9,16.6,16.7,4,2203,37070.1
9/26/23,16.6,16.9,16.6,16.9,5,20300,342980.3
9/25/23,16.8,16.9,16.6,16.7,15,19977,334592.2
9/22/23,16.9,17,16.6,16.6,8,3176,52889.1
9/21/23,16.6,16.6,16.6,16.6,4,24417,405322.2
9/20/23,16.7,16.9,16.6,16.6,14,67998,1128972.3
9/19/23,16.8,16.9,16.4,16.9,40,119939,1980653.5
9/18/23,16.4,16.5,16.4,16.5,6,10136,167243.8
9/15/23,16.8,16.8,16.2,16.6,17,27609,458212.2
9/14/23,16.9,16.9,16.4,16.5,16,1627,27153.3
9/13/23,16.7,16.9,16.5,16.5,6,3195,52718.7
9/12/23,16.5,16.9,16.4,16.5,19,37888,625401.2
9/11/23,17,17,16.2,16.4,16,15213,249212.2
9/8/23,17,17,16.4,16.4,4,3019,49518.5
9/7/23,16.4,16.8,16.2,16.5,8,107088,1736966.1
9/6/23,16.3,16.4,16.1,16.1,9,12015,193966.6
9/5/23,16.9,16.9,16.2,16.5,20,88682,1462704.5
9/4/23,16.9,16.9,16.4,16.5,12,11576,191189.4
9/1/23,16.4,17.2,16.4,17,31,126656,2142876.2
8/31/23,16.6,16.6,16.3,16.4,26,53871,882354.5
8/29/23,17.1,17.2,16.6,16.7,21,10164,171625.4
8/28/23,16.4,17.5,16.4,16.9,109,275770,4759510
8/25/23,15.7,16.4,15.7,16.3,16,5774,94176.9
8/24/23,16.1,16.2,15.9,16.1,30,251498,4034569.2
8/23/23,15.9,16.1,15.7,16,34,203148,3233741.9
8/22/23,16,16,15.1,15.9,22,29675,470554.2
8/21/23,16,16.2,15.8,15.9,33,135778,2164232.3
8/18/23,15.6,16.1,15.6,16,27,474874,7596124.5
8/17/23,16,16.6,16,16.2,56,452019,7346939
8/16/23,15.4,16,15.4,15.6,36,177245,2787450.8
8/15/23,15.4,16.4,15.3,15.4,31,16361,259721.3
8/14/23,15.5,15.8,15.2,15.7,41,306804,4739637.3
8/11/23,15.3,15.7,15.2,15.2,13,13574,209231.9
8/10/23,15.5,15.7,15.2,15.5,17,87807,1359253.3
8/9/23,15.9,15.9,15,15.7,53,170406,2627897.3
8/8/23,15.7,15.9,15.6,15.9,25,151819,2379936.4
8/7/23,15.8,16.2,15.6,15.9,49,295445,4665256.2
8/4/23,16,16.4,15.8,16,56,100552,1603305.9
8/3/23,16.3,16.8,15.8,16.6,40,63121,1027789.2
8/2/23,15.6,16.3,15.6,16.3,49,908647,14718999.4
7/31/23,16.5,16.5,16.1,16.2,60,361975,5917500
7/28/23,15.4,16.4,15,15.9,77,400470,6147370.8
7/27/23,15.5,15.6,15.5,15.5,15,11163,173027.2
7/26/23,15.9,15.9,15.5,15.5,20,16267,252743.6
7/25/23,15.5,15.8,15.5,15.5,40,83386,1296840.5
7/24/23,15.5,15.9,15.5,15.7,35,90698,1417425.6
7/21/23,15.6,15.8,15.5,15.7,43,138107,2147812.5
7/20/23,16.2,16.2,15.6,15.9,35,107208,1683820
7/19/23,16.1,16.5,15.9,16,52,221524,3542463.1
7/18/23,16.5,16.5,15.9,16.1,38,158525,2552371.7
7/17/23,16.4,16.5,16.1,16.2,48,135732,2201541
7/14/23,16.4,16.5,16.3,16.5,20,43184,710401.4
7/13/23,16.3,16.7,16.3,16.5,36,80929,1338349.3
7/12/23,16.5,16.8,16.4,16.5,48,327604,5410584.8
7/11/23,16.6,16.9,16.1,16.4,78,286905,4711488.8
7/10/23,16.9,17.4,16.5,16.6,83,50774,858622.8
7/7/23,15.8,17,15.8,16.9,166,631545,10418925.6
7/6/23,15.7,15.9,15.2,15.8,51,107025,1677376
7/5/23,16,16.5,15,15.3,105,235420,3728140.8
7/4/23,14.3,16,14.3,15.7,151,1162332,17302784.7
6/28/23,13.9,14.2,13.7,14,40,110904,1553186.1
6/27/23,14,14.1,13.6,13.9,34,69689,976968.6
6/26/23,13.5,14.1,13.2,14,56,184898,2567413.9
6/23/23,13.7,13.7,13.6,13.7,18,3892,53045.7
6/22/23,13.7,13.7,13.6,13.7,9,14198,193124.8
6/21/23,13.6,13.9,13.6,13.7,21,4935,67554.7
6/20/23,13.7,14,13.6,13.8,9,478,6600.8
6/19/23,13.7,13.9,13.7,13.7,16,6885,94377.1
6/16/23,14.2,14.2,13.7,13.7,17,4728,64947.6
6/15/23,14.7,15,14.1,14.4,42,126570,1861252.8
6/14/23,13.3,14.5,13.3,14.4,72,252353,3583497.2
6/13/23,13.4,14,13.4,13.4,26,15966,216109.6
6/12/23,13,14,13,13.6,44,98862,1344024.7
6/9/23,13,13.2,13,13,16,28501,370513.2
6/8/23,13,13.2,12.8,13,22,105316,1369484.7
6/7/23,13.4,13.4,12.9,13,15,5598,72868.5
6/6/23,13.5,13.5,13.5,13.5,2,101,1363.5
6/5/23,13,13.2,12.8,13.2,19,80062,1041062.8
6/2/23,12.6,13.2,12.6,13.1,27,81314,1057890
6/1/23,13,13.2,12.6,13.2,24,73240,965266
5/31/23,12.6,12.9,12.5,12.9,9,12580,158234
5/30/23,12.7,12.7,12.4,12.6,12,40828,510724.7
5/29/23,13.2,13.2,12.5,12.7,22,124951,1583119.8
5/26/23,12.5,13.2,12.5,13,17,54651,708278
5/25/23,12.4,13.2,12.2,13,65,195642,2539140.1
5/24/23,12.5,12.8,12.3,12.8,10,2607,32672.4
5/23/23,12,12.4,12,12,18,64136,785177.1
5/22/23,11.4,12.6,11.4,12.5,86,305913,3674425.9
5/19/23,11.4,11.4,11,11.2,22,33697,372045.6
5/18/23,11.4,11.4,11.1,11.4,11,2804,31853.6
5/17/23,10.9,11.4,10.9,11,16,9259,101916.2
5/16/23,11.9,11.9,11,11,46,103607,1141884.6
5/15/23,11.9,11.9,11.5,11.5,23,12863,149875.8
5/12/23,12,12,11,11.8,81,76782,890430.3
5/11/23,12.4,12.9,12.2,12.4,27,24757,306452.9
5/10/23,13.3,13.3,12.4,12.4,32,19431,243120.4
5/9/23,13.3,13.3,12.5,12.6,17,3838,48592.9
5/8/23,12.5,13.9,12.5,13.2,52,182433,2292759.8
5/4/23,13.7,13.7,13.7,13.7,3,1500,20550
5/3/23,12.5,14,12.5,13.3,19,12479,159968.4
5/2/23,13.7,13.7,12.6,12.6,49,55302,721753.1
4/28/23,13.6,13.9,13.6,13.7,37,15679,215783.2
4/27/23,14.1,14.5,13.9,14,28,37023,517307.5
4/26/23,15,15,14.1,14.3,15,23812,340589
4/25/23,14.5,15.5,14.1,14.5,29,61588,901093.7
4/24/23,14.6,15.1,14.6,15,38,66683,976724.5
4/21/23,15,15,14.7,15,12,15025,225101.2
4/20/23,15,15.1,14.7,15.1,12,171620,2585981.5
4/19/23,15.3,15.3,14.7,14.9,9,4215,62927.4
4/18/23,14.9,15.5,14.5,15,30,150910,2258985.8
4/17/23,15.3,15.8,15.3,15.3,43,114092,1768245.4
4/12/23,15,15.3,14.8,15.2,55,1796743,26743651.5
4/11/23,14.5,14.9,14.5,14.8,20,36637,533505
4/10/23,14.6,15,14.3,15,33,75996,1115931.8
4/6/23,14.8,14.8,14.3,14.5,34,95469,1392836.7
4/4/23,14.6,15.1,14.6,14.9,20,16282,240354.1
4/3/23,15,15,14.8,14.9,28,18739,279399.3
3/31/23,15,15.3,14.8,15,23,29339,440319.7
3/30/23,15.5,15.5,15,15,55,87383,1323158.2
3/29/23,14.5,15.7,14,15.4,172,663587,10042321.1
3/28/23,14.6,14.6,14.1,14.5,82,397455,5738603.5
3/27/23,14.9,15.1,14.6,14.6,122,368072,5468803.1
3/24/23,14.8,15.3,14.6,14.9,115,242675,3623700.2
3/23/23,15.2,15.6,14.8,14.8,106,275661,4198090.3
3/22/23,13.6,15.4,13.5,15,299,1834059,26545449.2
3/21/23,13.6,13.7,13.3,13.5,38,41749,563783.7
3/20/23,13.2,13.8,13.2,13.6,88,150707,2039445.8
3/17/23,13,13.4,12.7,13,72,1025083,13361261.4
3/16/23,12,13.4,12,13,81,226866,2944914.2
3/15/23,12.2,12.6,12,12.2,34,82927,1014122.6
3/14/23,12.5,12.6,12.2,12.5,31,79370,988775.1
3/13/23,12.7,12.8,12,12.5,71,173220,2159944.8
3/10/23,13.1,13.1,12.5,12.7,62,130847,1658200.6
3/9/23,12.8,13.1,12.4,13,88,209324,2689257.7
3/8/23,12,13.1,12,12.6,117,255320,3283561.3
3/7/23,12.4,12.4,12,12,93,312476,3777810.9
3/3/23,12.2,12.7,12.2,12.3,108,235673,2932197
3/2/23,12,12.5,12,12.2,73,137693,1685080.5
3/1/23,12.1,12.3,12,12.1,24,15987,192792.7
2/28/23,11.5,12.3,11.5,12.1,86,144646,1738632
2/27/23,11.1,12.3,11.1,11.8,72,178093,2131826.8
2/24/23,11.1,12.2,11.1,11.9,210,554875,6518507
2/23/23,11.2,11.6,11,11.4,84,162277,1835855.6
2/22/23,10.5,12,10.5,11.3,214,348220,3944416.1
2/21/23,10.7,10.7,10.2,10.5,19,13865,145542
2/20/23,9.6,10.9,9.6,10.7,137,279525,2938759.4
2/17/23,10,10.1,9.8,9.9,39,119716,1195863.5
2/16/23,9.6,10.2,9.6,10,85,388888,3888866.7
2/15/23,9.9,10.1,9.7,10,24,114703,1141355.7
2/14/23,9.8,9.8,9.7,9.8,69,196516,1921527.7
2/13/23,9.8,10,9.7,9.8,40,193511,1906921.1
2/10/23,10,10.1,9.8,9.8,39,109899,1083656.8
2/9/23,10.1,10.1,9.8,10,140,319036,3190746.6
2/8/23,10,10.2,9.6,10,128,240904,2408621.8
2/7/23,9.5,10.5,9.4,10.2,402,1268785,12610755.2
2/6/23,9.1,9.5,9.1,9.4,137,689170,6464674.4
2/3/23,9.1,9.3,9,9.2,96,403651,3706891.5
2/2/23,9.1,9.2,8.9,9,43,342388,3106855.8
2/1/23,9.1,9.1,8.9,9,25,25000,225230.1
1/31/23,9.1,9.1,8.9,9,13,7460,67070.1
1/30/23,8.8,9,8.8,8.9,27,37962,337620.2
1/27/23,9,9.1,8.9,9,15,9181,83028.5
1/26/23,8.9,9.1,8.8,9,16,41388,371145.3
1/25/23,8.8,9,8.8,8.9,15,17859,159631
1/24/23,9.1,9.1,8.9,9,22,47276,426146.6
1/23/23,8.9,9.2,8.6,9,52,55105,502769.5
1/20/23,8.6,8.8,8.6,8.7,28,94074,819084.8
1/19/23,8.7,8.7,8.4,8.6,35,26827,230308
1/18/23,8.6,8.7,8.5,8.5,9,1472,12567.1
1/17/23,8.6,9,8.5,8.7,27,39463,340960.6
1/13/23,8.5,8.7,8.5,8.6,10,12232,104867.8
1/12/23,8.6,8.6,8.6,8.6,8,8095,69617
1/11/23,8.7,8.7,8.5,8.6,7,2820,24082
1/10/23,8.5,8.9,8.5,8.5,11,17128,145595.8
1/9/23,9,9,8.5,8.6,25,29791,257620.8
1/5/23,8.6,9.4,8.6,8.9,64,58982,524609
1/4/23,8.6,8.6,8.2,8.4,58,29562,247474.4
1/3/23,8.6,8.6,8.4,8.4,37,45872,388729.9
1/2/23,8.5,8.7,8.5,8.5,18,33883,288064.7
12/30/22,8.5,8.6,8.3,8.4,54,53086,447402.5
12/29/22,8.8,8.8,8.5,8.5,27,22976,195588.6
12/28/22,8.6,9,8.4,8.5,45,30650,262450.8
12/27/22,8.6,8.8,8.6,8.7,30,20830,180300.4
12/23/22,8.6,8.8,8.5,8.7,20,7974,69315.1
12/22/22,8.8,8.8,8.6,8.6,21,3753,32399
12/21/22,8.6,8.8,8.6,8.8,8,750,6500
12/20/22,8.8,8.9,8.6,8.7,25,15587,135544.6
12/19/22,8.8,9,8.7,8.7,31,67024,599176.6
12/16/22,8.9,8.9,8.8,8.8,20,4511,39767.9
12/15/22,9,9,8.9,9,13,10887,97569.4
12/14/22,9,9,8.9,8.9,16,7182,63930.8
12/13/22,9,9,8.9,8.9,10,2930,26270
12/12/22,9,9,8.7,8.8,25,118809,1051218.3
12/9/22,8.9,8.9,8.7,8.8,15,21430,188564.8
12/8/22,9,9,8.7,8.7,66,71802,633538.3
12/6/22,9,9,8.9,9,52,173502,1560382.8
12/5/22,9,9.1,9,9,41,217602,1958929.6
12/2/22,9,9.1,9,9,21,48795,443378.4
12/1/22,9.1,9.1,9,9.1,25,56872,517097.4
11/30/22,9.1,9.2,9,9.1,50,131742,1198016
11/29/22,9.1,9.2,8.9,9.2,20,34184,308241.4
11/28/22,9,9.2,8.7,9.1,26,29466,261042.2
11/25/22,9,9.4,9,9.1,39,43516,402318.2
11/24/22,9.1,9.1,8.7,8.8,7,9149,81885.7
11/23/22,8.5,9.2,8.5,8.9,56,107280,949715.4
11/22/22,8.3,8.5,8.1,8.3,10,28340,234068
11/21/22,8.3,8.5,8,8.2,33,41974,344558.1
11/18/22,8.5,8.5,8,8.5,25,27385,221027.7
11/17/22,8.8,8.8,8.4,8.5,60,42528,360778.4
11/16/22,9.2,9.2,8.8,9,12,511763,4505792.2
11/15/22,9.2,9.2,8.9,8.9,22,5411,48631.2
11/14/22,9.2,9.4,9.2,9.3,9,664,6117.2
11/11/22,9.2,9.9,9.2,9.5,22,15051,140661.4
11/10/22,8.9,9,8.9,9,5,12125,109075
11/9/22,9,9,8.9,9,10,18355,163584.5
11/8/22,9,9,8.9,8.9,29,37201,331312
11/4/22,9,9,8.9,9,14,3370,30179.9
11/3/22,9.1,9.1,8.6,9,42,38447,334211.6
11/2/22,9.1,9.1,8.9,9,29,76447,688045.5
11/1/22,9.1,9.1,8.9,8.9,35,32183,286726.1
10/31/22,9,9.1,9,9.1,12,15907,143696
10/28/22,9.3,9.3,9,9,15,6062,54871.6
10/27/22,9,9.4,9,9.3,15,4257,38919.4
10/26/22,9.3,9.3,9,9,13,15130,136258
10/25/22,9.2,9.2,9,9.1,35,141126,1285314
10/21/22,9.2,9.3,9,9,45,38430,348831.2
10/20/22,9.4,9.4,9.1,9.1,15,33196,310418.8
10/19/22,9.2,9.4,9.1,9.2,73,757799,6970543.1
10/18/22,9.4,9.4,9.1,9.3,9,102010,948691
10/17/22,9.5,9.5,9.1,9.4,19,22966,212867.4
10/14/22,9.5,9.6,9.2,9.3,32,88371,838464.7
10/13/22,9.5,9.5,9.2,9.5,48,376710,3511230.2
10/12/22,9,9.5,8.9,9.3,67,337496,3093361.5
10/11/22,9.2,9.4,9,9.1,92,261574,2385589.1
10/7/22,9.4,9.4,9.1,9.4,120,174654,1621110.1
10/6/22,9.5,9.6,9.4,9.4,41,32651,308681.6
10/5/22,9.5,9.7,9.5,9.5,43,35296,336595.2
10/4/22,9.7,9.7,9.3,9.4,80,83968,799058.7
10/3/22,9.7,9.9,9.4,9.5,111,191881,1838035.1
9/30/22,10,10,9.7,9.8,22,5724,56583.2
9/29/22,9.8,9.9,9.7,9.8,54,151007,1476510.9
9/28/22,9.7,10,9.7,9.7,41,30520,298791.8
9/27/22,9.9,10,9.6,9.9,42,39829,392097.3
9/26/22,9.9,10.1,9.7,9.9,77,68503,674636.9
9/23/22,10.1,10.1,9.9,9.9,52,73348,726568.8
9/22/22,10.1,10.1,9.9,10,46,101746,1022231.3
9/21/22,10.3,10.3,9.9,10,39,39394,396112.4
9/20/22,10.2,10.3,9.9,10,52,86625,865758.6
9/19/22,10.5,10.5,9.9,10.2,107,144434,1463039.3
9/16/22,10.4,10.5,10,10.1,89,174757,1779594.6
9/15/22,10.3,10.5,9.8,10.2,95,207293,2092594.2
9/14/22,10.3,10.4,10,10.2,92,210405,2140007.2
9/13/22,10.4,10.5,10.1,10.3,120,210317,2184402.7
9/12/22,10,10.4,9.9,10.2,90,259231,2607416.8
9/9/22,10,10,9.8,9.9,79,256203,2538085.9
9/8/22,9.8,10.1,9.7,10,70,143872,1430532.6
9/7/22,10,10,9.7,9.8,54,22320,219414.1
9/6/22,10,10,9.6,9.9,45,105097,1034276.2
9/5/22,9.7,9.9,9.5,9.7,102,161490,1567053.5
9/2/22,10,10.1,9.7,9.7,107,191778,1886653.9
9/1/22,9.9,10.2,9.8,9.9,92,181565,1805811.5
8/31/22,10,10,9.5,9.6,61,90024,871211.9
8/30/22,10,10,9.5,9.6,50,90110,862140.9
8/29/22,9.8,10.8,9.5,9.7,58,95399,965292
8/26/22,9.4,9.8,9.4,9.6,45,137351,1309159.8
8/25/22,10,10,9.4,9.5,86,154158,1483665.4
8/24/22,9.5,10.8,9.5,9.8,254,740671,7240949.4
8/23/22,9.5,9.6,9.4,9.4,108,264406,2507596.8
8/22/22,9.4,9.5,9.3,9.4,89,240469,2266106.8
8/19/22,9.4,9.4,9.1,9.2,38,30188,278067.9
8/18/22,9.5,9.5,9.1,9.2,87,138134,1282976.4
8/17/22,9.5,9.6,9.4,9.4,32,26155,248494.7
8/16/22,9.6,9.8,9.3,9.5,100,254476,2421365.9
8/15/22,9.7,10,9.2,9.3,189,336322,3177118.1
8/12/22,9.8,10,9.5,9.6,131,304050,2942992.3
8/10/22,9.7,10,9.5,9.8,95,217158,2112948.3
8/9/22,9.9,10,9.6,9.7,162,389515,3795876.6
8/8/22,10.2,10.2,9.8,9.9,41,62171,617344.7
8/5/22,10.4,10.4,9.9,10,77,215001,2144581.1
8/4/22,10.1,10.5,10,10.2,101,321956,3270915.6
8/3/22,10.4,10.4,9.8,10,150,327302,3270431.3
8/2/22,10.3,10.6,10,10.4,68,156685,1631632.1
8/1/22,10.4,10.7,9.8,10,51,74316,755275.3
7/29/22,10.5,10.8,10,10.1,43,79663,804746.3
7/28/22,10.6,10.9,10,10.4,50,144846,1504972.1
7/27/22,10.6,10.9,10,10,45,35950,364097.8
7/27/22,10.6,10.9,10,10,45,35950,364097.8
7/26/22,11.2,11.8,10.6,10.7,116,593698,6923361.6
7/25/22,10.7,12.4,10.3,11.1,263,1927805,22678507.8
7/22/22,9.2,10.9,9,10.2,272,1058367,10404500.8
7/21/22,8.5,9.2,8.3,8.9,143,749689,6492503.6
7/20/22,8.2,8.3,7.9,8.1,144,558676,4516660.5
7/19/22,8.1,8.1,7.9,8,105,400255,3192664.5
7/18/22,8.1,8.1,7.9,8,17,7386,59158.5
7/15/22,7.9,8.1,7.8,7.8,54,448864,3508508.3
7/14/22,8,8,7.5,7.8,45,57250,441050.7
7/12/22,8.2,8.2,8,8,23,42467,340191.4
7/11/22,8.1,8.3,7.9,7.9,33,64721,524514.8
7/8/22,8,8,7.9,7.9,6,1103,8714
7/7/22,7.8,7.8,7.4,7.5,33,34308,256559.2
7/6/22,8,8,7.4,7.5,76,113940,862013.1
7/5/22,8.5,8.5,7.9,8,82,219746,1790514.7
7/4/22,8.6,8.8,8.4,8.5,57,33453,283957.6
7/1/22,8.5,8.8,8.5,8.8,16,17543,153684.4
6/30/22,9,9,8.7,8.9,11,5402,48323
6/29/22,8.6,8.9,8.5,8.7,32,29816,255559.5
6/28/22,9,9,8.5,8.5,37,24608,210444.3
6/27/22,9.3,9.3,8.6,8.7,70,172370,1494562.1
6/24/22,8.9,9.1,8.8,8.9,37,97289,861136.5
6/23/22,8.9,9.1,8.7,8.9,52,311658,2753335.4
6/22/22,8.9,9,8.9,8.9,17,51350,457167.5
6/21/22,8.9,9,8.6,8.9,10,36614,322978.9
6/20/22,8.9,9,8.6,8.8,48,19565,172882.3
6/17/22,8.9,9.2,8.9,8.9,5,1058,9423.7
6/16/22,9.3,9.3,8.9,9,30,25626,230405.1
6/15/22,9.3,9.3,9,9.2,29,52031,476227.4
6/13/22,9.8,9.8,9.3,9.4,40,39715,374409.8
6/10/22,9.9,9.9,9.5,9.6,35,33611,323674.6
6/9/22,9.8,10,9.6,9.6,49,38778,375105.6
6/8/22,8.9,9.7,8.9,9.5,28,14169,134258.3
6/7/22,8.9,9,8.8,8.9,38,27697,245488.8
6/6/22,9,9.2,8.9,9.1,26,42840,387268
6/3/22,9.3,9.3,9,9.3,37,43201,397027.5
6/2/22,9.2,9.3,9.1,9.1,36,67410,618149
6/1/22,9,9.5,9,9.2,23,19113,173840.7
5/31/22,9.1,9.3,9,9.1,38,36834,335253.5
5/30/22,9.7,9.7,9,9.1,102,243979,2229934.4
5/27/22,9.5,9.7,9.5,9.6,24,6808,65540.4
5/26/22,9.9,9.9,9,9.1,119,173182,1592213.8
5/25/22,10.2,10.4,9.6,9.7,44,33076,323557.1
5/24/22,10.8,10.8,9.6,10,113,140114,1398593.1
5/23/22,10.5,10.9,10,10.3,75,105275,1079047.2
5/20/22,11,11,10.4,10.5,62,23084,247257.7
5/19/22,11.9,11.9,10.9,11,50,184700,2029941.2
5/18/22,12,12,10.9,10.9,93,133669,1500426.2
5/17/22,11.7,12.3,11,11.6,122,179132,2105876.4
5/13/22,11.2,11.9,10.5,11.6,54,61927,689393
5/12/22,10.9,11.2,10.5,11.1,47,56841,625784.2
5/9/22,10.7,10.9,10.5,10.7,12,11344,119216.8
5/6/22,10.1,10.9,10,10.4,53,37586,379718.3
5/5/22,11.9,11.9,10.1,10.9,29,13238,143928.6
5/4/22,12,12,11.7,11.8,18,5262,62266.8
4/29/22,12.5,12.5,11.9,12.1,33,59573,734319.2
4/28/22,12.3,13.8,12.1,12.4,19,3209,40905.1
4/27/22,9.5,12,9.2,11.6,40,60159,641516.1
4/26/22,9.9,9.9,9,9.8,24,44598,439445.2
4/25/22,10.9,10.9,10.6,10.9,25,45782,499014.8
4/8/22,12,12.4,11.8,11.9,95,222765,2664393.8
4/7/22,13.1,13.1,12.2,12.3,66,69323,856325.9
4/6/22,14.4,14.6,13.1,13.4,32,45203,638961.7
4/5/22,14,14.4,13.8,14,46,74736,1061255.6
4/4/22,14,14,13,13.1,41,11296,148504.6
4/1/22,14,14,14,14,3,505,7070
3/31/22,14,14.3,14,14,7,1461,20457.2
3/30/22,14,14.3,13.5,13.7,31,25012,344983.4
3/29/22,15.7,15.8,14,14.4,63,105269,1572297.7
3/28/22,16.1,16.1,15.7,15.8,21,20732,329716.4
3/25/22,17,17,16,16.2,34,32475,531244.7
3/24/22,16.7,16.7,16.4,16.5,26,11452,189556.6
3/23/22,16.9,16.9,16.7,16.8,14,5468,92346.6
3/22/22,17,17,16.4,16.5,12,4620,76813.7
3/21/22,16.5,17,16.5,16.5,17,32780,544972
3/18/22,16,17.3,16,16.5,27,28985,465932.5
3/16/22,16.8,16.8,15.7,16,51,157196,2497514.8
3/15/22,16.7,17.2,16.4,16.4,52,38559,638555
3/14/22,16.6,17,16,16.6,26,17005,281420.3
3/11/22,17.8,18.2,16.5,17.3,63,43570,737098.9
3/10/22,16.5,18.2,16.5,17.8,54,70060,1244316.7
3/9/22,17.2,18,15.7,16.1,103,181340,2977126.5
3/8/22,18,18,16.5,17,65,148071,2557831.2
3/7/22,18.5,19.9,17.9,18,104,249401,4528777.5
3/4/22,18.5,19,18,18.2,52,64422,1183292.2
3/3/22,19.2,19.7,18.9,19,71,87418,1672959.5
3/2/22,21.2,21.2,19.1,19.8,57,57484,1141138.8
2/28/22,19.8,20.8,19.3,20,159,247028,4940458.8
2/25/22,18.2,20,17.5,18.9,158,756145,14202371.6
2/24/22,21,22.5,18,18.2,128,372251,7116910.8
2/23/22,21.4,21.4,18.5,20.6,115,179650,3618122.8
2/22/22,22,22,20.7,21,68,135339,2846581.8
2/21/22,23.2,23.2,21,21.4,95,422300,9205676.9
2/18/22,23.7,24,23,23.2,44,137667,3226145.4
2/17/22,24,24.2,23,23.5,89,237008,5584297.2
2/15/22,24.6,24.8,23,23.9,309,1326311,31647260.7
2/14/22,23.8,23.8,23,23.4,37,77258,1796811.8
2/11/22,23.5,24.3,22.5,23.8,70,144813,3421695.5
2/10/22,22,23.4,22,23.1,68,97766,2211929.3
2/9/22,22.5,24.5,22,22.5,136,369676,8495445.4
2/8/22,23.3,24,22.6,22.9,91,176268,4039483.5
2/7/22,23.8,24,23.1,23.2,54,64587,1507703.9
2/3/22,23.5,24.2,23,23.9,96,181466,4267359.9
2/2/22,24.6,25.5,23.6,23.9,147,321881,7803053.6
2/1/22,25,25,24.5,24.8,79,285905,7062067.9
1/31/22,25,25.4,24,24.7,79,124063,3068419.8
1/28/22,24.7,25.8,23,25,182,349562,8517838.8
1/27/22,24.4,26.1,24,24.7,135,252227,6306889.1
1/26/22,25.2,26.3,25.2,25.8,164,561435,14568522.6
1/25/22,26.4,26.4,24.8,25.2,172,567909,14489263.8
1/24/22,25.7,26.3,23.9,25.9,267,769392,19522400.6
1/21/22,26.2,26.2,25.4,25.7,87,152132,3905987.4
1/20/22,26.6,26.9,25.5,26.1,157,506192,13324099
1/19/22,27.4,28.2,26.2,26.6,466,1355191,36575856.3
1/18/22,22.8,27.9,22.8,27,1079,4071315,106669128.8
1/13/22,23.9,23.9,21.5,22.8,208,914202,20600637.8
1/12/22,23.6,24,23,23.2,153,598726,13944460.8
1/11/22,22.7,24.2,22,23.3,227,719382,16885526
1/10/22,26,26,22.6,23.3,504,1415829,34092166.9
1/7/22,22.5,25.7,22.5,25.3,1675,5806361,142259122.3
1/6/22,21.5,22.3,20.9,21.8,253,724597,15691769.6
1/5/22,21.8,22.2,21.1,21.5,244,725402,15740104.3
1/4/22,23,23.4,21.5,21.7,330,777866,17214423.9
1/3/22,20,23.7,19.9,22.7,768,3706090,80776686.5
